{"epoch": 99, "Training Loss": 0.5390609144733154, "train_acc": 0.0, "train_miou": 28.54872429010356, "train_sr": 0.004796364860316392, "eval_loss": 0.6355424581040401, "eval_min_metric": 0.5881247456823842, "eval_mean_acc": 0.0, "eval_mean_IoU": 26.62025450433493, "eval_succ_rate": 0.0010214504596527069, "_timestamp": 1714143553.9495487, "_runtime": 35795.04268074036, "_step": 99, "_wandb": {"runtime": 35801}}