{"epoch": 2, "Training Loss": 0.6104604301278899, "train_acc": 0.02095254123190845, "train_miou": 0.19808767645732386, "train_sr": 0.0001682935038707506, "eval_loss": 0.6029713698743678, "eval_min_metric": 0.6029713698743678, "eval_mean_acc": 0.012938372488934287, "eval_mean_IoU": 0.14477013071334124, "eval_succ_rate": 0.0, "_timestamp": 1714154305.9955556, "_runtime": 1089.0234625339508, "_step": 2, "_wandb": {"runtime": 1124}}