{"epoch": 99, "Training Loss": 3.998920724432864, "train_acc": 0.007320767418377651, "train_miou": 0.25182355551003094, "train_sr": 0.0, "eval_loss": 5.201433772207889, "eval_min_metric": 4.608372564335278, "eval_mean_acc": 0.007320394960844399, "eval_mean_IoU": 0.27761772709649635, "eval_succ_rate": 0.0, "_timestamp": 1714200987.0727527, "_runtime": 30754.934710741043, "_step": 99, "_wandb": {"runtime": 30759}}