{"epoch": 2, "Training Loss": 0.5999892005030453, "train_acc": 0.02117693257040278, "train_miou": 0.19541447981596008, "train_sr": 0.0003365870077415012, "eval_loss": 0.6071583556507898, "eval_min_metric": 0.6024802402042393, "eval_mean_acc": 0.012938372488934287, "eval_mean_IoU": 0.14477013071334124, "eval_succ_rate": 0.0, "_timestamp": 1714163550.8618073, "_runtime": 944.6508922576904, "_step": 2, "_wandb": {"runtime": 1225}}