{"epoch": 5, "Training Loss": 0.5998429395571898, "train_acc": 0.020840345562661282, "train_miou": 0.19034588729333235, "train_sr": 0.0001682935038707506, "eval_loss": 0.5981354822420855, "eval_min_metric": 0.5964252739322806, "eval_mean_acc": 0.012938372488934287, "eval_mean_IoU": 0.14933836412559306, "eval_succ_rate": 0.0, "_timestamp": 1714156786.3278725, "_runtime": 2176.3007984161377, "_step": 5, "_wandb": {"runtime": 2359}}