{"epoch": 7, "Training Loss": 0.6085902535175082, "train_acc": 0.021064736901155613, "train_miou": 0.18359697648988374, "train_sr": 0.0004207337596768765, "eval_loss": 0.6271983809746322, "eval_min_metric": 0.626650171516134, "eval_mean_acc": 0.012938372488934287, "eval_mean_IoU": 0.14477013071334124, "eval_succ_rate": 0.0, "_timestamp": 1714162270.5519779, "_runtime": 4980.015637874603, "_step": 7, "_wandb": {"runtime": 5154}}